-- CREATE TABLE STUDENT
--   (CWID       INT NOT NULL,
--    First_Name VARCHAR(30) NOT NULL,
--    Last_Name  VARCHAR(30) NOT NULL,
--    Birth_Date CHAR(10) NOT NULL,
--    Phone      CHAR(10) NOT NULL,
--    Email      VARCHAR(100) NOT NULL,
--    CONSTRAINT STUDENTPK
--     PRIMARY KEY(CWID));

INSERT INTO STUDENT
  VALUES(12345, 'John', 'Doe', '12/25/2000', '1234567890', 'johndoe@mail.com');

INSERT INTO STUDENT
  VALUES(54321, 'Jane', 'Doe', '01/01/2000', '0987654321', 'janedoesemail@mail.com');

INSERT INTO STUDENT
  VALUES(51243, 'Edsger', 'Dijkstra', '05/11/2000', '1029384756', 'DijkstrasAlgorithm@mail.com');

INSERT INTO STUDENT
  VALUES(41424, 'Alan', 'Turing', '06/25/2000', '8123945607', 'turing@mail.com');

INSERT INTO STUDENT
  VALUES(35612, 'Mary', 'Jackson', '02/11/2000', '1111111111', 'mary@nasa.com');

INSERT INTO STUDENT
  VALUES(81923, 'Albert', 'Einstein', '03/14/2000', '1231231231', 'einstein@mail.com');


  -- CREATE TABLE PROFESSOR
  --   (Employee_ID       INT NOT NULL,
  --    First_Name VARCHAR(30) NOT NULL,
  --    Last_Name  VARCHAR(30) NOT NULL,
  --    Birth_Date CHAR(10) NOT NULL,
  --    Phone      CHAR(10) NOT NULL,
  --    Email      VARCHAR(100) NOT NULL,
  --    CONSTRAINT EMPLOYEEPK
  --     PRIMARY KEY(Employee_ID));

INSERT INTO PROFESSOR
  VALUES(11111, 'Kanika', 'Sood', '01/01/1992', '2134867590', 'sood@mail.com');

INSERT INTO PROFESSOR
  VALUES(22222, 'Yun', 'Tian', '10/10/1990', '1423512341', 'tian@mail.com');

INSERT INTO PROFESSOR
  VALUES(33333, 'Alex', 'Randolph', '03/20/1990', '1293415678', 'Randolph@mail.com');

  -- CREATE TABLE DEPARTMENT
  --   (Department_ID INT NOT NULL,
  --    Department_Name VARCHAR(30) NOT NULL,
  --    CONSTRAINT DEPARTMENTPK
  --     PRIMARY KEY(Department_ID));

INSERT INTO DEPARTMENT
  VALUES(10000, 'Engineering');

INSERT INTO DEPARTMENT
  VALUES(20000, 'Mathematics');

INSERT INTO DEPARTMENT
  VALUES(30000, 'Psychology');


INSERT INTO TEXTBOOK
  VALUES(12345, 'DB AUTHOR', 'ADVANCED DATABASES TEXTBOOK');

INSERT INTO TEXTBOOK
  VALUES(54321, 'NETWORKING AUTHOR', 'ADVANCED NETWORKING TEXTBOOK');


  -- CREATE TABLE COURSE
  --   (Course_ID INT NOT NULL,
  --    Course_Name VARCHAR(50) NOT NULL,
  --    Pre_req_course VARCHAR(50),
  --    Department_ID INT NOT NULL,
  --    CONSTRAINT COURSEPK
  --     PRIMARY KEY(Course_ID),
  --    CONSTRAINT COURSEDEPARTMENTFK
  --     FOREIGN KEY(Department_ID) REFERENCES DEPARTMENT(Department_ID));

INSERT INTO COURSE
  VALUES(531, 'Advanced Database Management', 'None', 10000);

INSERT INTO COURSE
  VALUES(558, 'Advanced Networking', 'None', 10000);

INSERT INTO COURSE
  VALUES(101, 'Psychology Intro', 'None', 30000);

INSERT INTO COURSE
  VALUES(300, 'Calculus 2', 'Calculus 1', 20000);

INSERT INTO COURSE
  VALUES(101, 'Computer Science Intro', 'None', 10000);

  -- CREATE TABLE COURSE_SECTION
  --   ( Course_ID INT NOT NULL,
  --     Department_ID NOT NULL,
  --     Section_ID INT NOT NULL,
  --     Employee_ID INT NOT NULL,
  --     Class_Time VARCHAR(10) NOT NULL,
  --     Days_Of_Week VARCHAR(7) NOT NULL,
  --     CONSTRAINT COURSESECTIONPK
  --       PRIMARY KEY (Course_ID, Section_ID, Employee_ID),
  --     CONSTRAINT COURSEFK
  --       FOREIGN KEY(Course_ID) REFERENCES COURSE(Course_ID)
  --       ON UPDATE CASCADE   ON DELETE CASCADE,
  --     CONSTRAINT PROFESSORFK
  --       FOREIGN KEY(Employee_ID) REFERENCES PROFESSOR(Employee_ID)
  --       ON UPDATE CASCADE ON DELETE CASCADE);


INSERT INTO COURSE_SECTION
  VALUES(531, 10000, 1, 11111, '7pm-8pm', 'T/TH', 30, 0);

INSERT INTO COURSE_SECTION
  VALUES(558, 10000, 1, 33333, '7pm-8pm', 'W', 20, 0);

INSERT INTO COURSE_SECTION
  VALUES(101, 30000, 1, 33333, '1pm-2pm', 'MWF', 25, 0);



  -- CREATE TABLE TEXTBOOK
  --   (ISBN INT NOT NULL,
  --    Author VARCHAR(50) NOT NULL,
  --    Name VARCHAR(50) NOT NULL,
  --    CONSTRAINT TEXTBOOKPK
  --     PRIMARY KEY(ISBN));



  -- CREATE TABLE STUDENT_TAKES_COURSE
  --  (  CWID       INT NOT NULL,
  --    Course_ID INT NOT NULL,
  --    Section_ID INT NOT NULL,
  --   CONSTRAINT STUDENT_TAKES_COURSEPK
  --    PRIMARY KEY(CWID, Course_ID, Section_ID),
  --   CONSTRAINT STUDENTFK
  --     FOREIGN KEY(CWID) REFERENCES STUDENT(CWID)
  --     ON UPDATE CASCADE   ON DELETE CASCADE,
  --   CONSTRAINT STUDENTCOURSEFK
  --     FOREIGN KEY(Course_ID) REFERENCES COURSE_SECTION(Course_ID)
  --     ON UPDATE CASCADE   ON DELETE CASCADE,
  --     CONSTRAINT STUDENTCOURSEFK
  --       FOREIGN KEY(Section_ID) REFERENCES COURSE_SECTION(Section_ID)
  --       ON UPDATE CASCADE   ON DELETE CASCADE);

INSERT INTO STUDENT_TAKES_COURSE
  VALUES(12345, 558, 1, 10000);

INSERT INTO STUDENT_TAKES_COURSE
  VALUES(12345, 531, 1, 10000);


INSERT INTO STUDENT_TAKES_COURSE
  VALUES(41424, 101, 1, 30000);

INSERT INTO STUDENT_TAKES_COURSE
  VALUES(41424, 531, 1, 10000);



 INSERT INTO COURSE_SECTION_HAS_TEXTBOOK
  VALUES(12345, 531, 1, 10000);

INSERT INTO COURSE_SECTION_HAS_TEXTBOOK
  VALUES(54321, 558, 1, 10000);

 